<?xml version="1.0" encoding="utf-8"?><feed xmlns="http://www.w3.org/2005/Atom" ><generator uri="https://jekyllrb.com/" version="3.8.5">Jekyll</generator><link href="http://localhost:4000/feed.xml" rel="self" type="application/atom+xml" /><link href="http://localhost:4000/" rel="alternate" type="text/html" /><updated>2020-03-23T09:48:17+09:00</updated><id>http://localhost:4000/feed.xml</id><title type="html">mmmjj</title><subtitle>Material theme based on &lt;a href=&quot;http://materializecss.com&quot;&gt;Materialize.css&lt;/a&gt; for jekyll sites
</subtitle><entry><title type="html">Title</title><link href="http://localhost:4000/2020/03/22/testpost" rel="alternate" type="text/html" title="Title" /><published>2020-03-22T00:00:00+09:00</published><updated>2020-03-22T00:00:00+09:00</updated><id>http://localhost:4000/2020/03/22/testpost</id><content type="html" xml:base="http://localhost:4000/2020/03/22/testpost">&lt;h1 id=&quot;view-title&quot;&gt;view title&lt;/h1&gt;

&lt;ul&gt;
  &lt;li&gt;링크추가는 &lt;a href=&quot;https://mmmjj.github.com&quot;&gt;링크&lt;/a&gt;.&lt;/li&gt;
&lt;/ul&gt;

&lt;p&gt;내용내용&lt;/p&gt;

&lt;div class=&quot;language-plaintext highlighter-rouge&quot;&gt;&lt;div class=&quot;highlight&quot;&gt;&lt;pre class=&quot;highlight&quot;&gt;&lt;code&gt;이건박싱
&lt;/code&gt;&lt;/pre&gt;&lt;/div&gt;&lt;/div&gt;

&lt;h1 id=&quot;photo&quot;&gt;PHOTO&lt;/h1&gt;
&lt;p&gt;The content of this theme is distributed and licensed under a
&lt;img src=&quot;/assets/images/ilovework_true.png&quot; alt=&quot;ilovework_true&quot; /&gt;&lt;/p&gt;

&lt;ol&gt;
  &lt;li&gt;&lt;a href=&quot;GOOGLE.COM/&quot;&gt;링크선언도되구나&lt;/a&gt;&lt;/li&gt;
&lt;/ol&gt;

&lt;p&gt;#도?&lt;/p&gt;</content><author><name>mmmjj</name></author><category term="TAG1," /><category term="TAG2," /><category term="TAG3" /><summary type="html">view title</summary></entry><entry><title type="html">This is Just Another Post</title><link href="http://localhost:4000/2017/03/25/another-post" rel="alternate" type="text/html" title="This is Just Another Post" /><published>2017-03-25T02:30:13+09:00</published><updated>2017-03-25T02:30:13+09:00</updated><id>http://localhost:4000/2017/03/25/another-post</id><content type="html" xml:base="http://localhost:4000/2017/03/25/another-post">&lt;p&gt;I have some text.&lt;/p&gt;

&lt;p&gt;I want some &lt;em&gt;italics&lt;/em&gt;.&lt;/p&gt;

&lt;p&gt;I want some &lt;strong&gt;bold&lt;/strong&gt;.&lt;/p&gt;

&lt;h1 id=&quot;this-is-heading-1&quot;&gt;this is heading 1&lt;/h1&gt;

&lt;h2 id=&quot;this-is-heading-2&quot;&gt;this is heading 2&lt;/h2&gt;

&lt;h3 id=&quot;this-is-heading-3&quot;&gt;this is heading 3&lt;/h3&gt;

&lt;p&gt;you want a list?&lt;/p&gt;
&lt;ul&gt;
  &lt;li&gt;first&lt;/li&gt;
  &lt;li&gt;second&lt;/li&gt;
  &lt;li&gt;third&lt;/li&gt;
&lt;/ul&gt;

&lt;p&gt;you want an ordered list?&lt;/p&gt;
&lt;ol&gt;
  &lt;li&gt;whatever&lt;/li&gt;
  &lt;li&gt;whatever&lt;/li&gt;
  &lt;li&gt;whatever&lt;/li&gt;
&lt;/ol&gt;</content><author><name></name></author><category term="test" /><summary type="html">I have some text.</summary></entry><entry><title type="html">Syntax Highlighting Test</title><link href="http://localhost:4000/2017/03/24/syntax-test" rel="alternate" type="text/html" title="Syntax Highlighting Test" /><published>2017-03-24T02:30:13+09:00</published><updated>2017-03-24T02:30:13+09:00</updated><id>http://localhost:4000/2017/03/24/syntax-test</id><content type="html" xml:base="http://localhost:4000/2017/03/24/syntax-test">&lt;p&gt;Jekyll uses Rouge by default for syntax highlighting, here are some tests.&lt;/p&gt;

&lt;p&gt;Ruby:&lt;/p&gt;

&lt;figure class=&quot;highlight&quot;&gt;&lt;pre&gt;&lt;code class=&quot;language-ruby&quot; data-lang=&quot;ruby&quot;&gt;&lt;span class=&quot;k&quot;&gt;def&lt;/span&gt; &lt;span class=&quot;nf&quot;&gt;print_hi&lt;/span&gt;&lt;span class=&quot;p&quot;&gt;(&lt;/span&gt;&lt;span class=&quot;nb&quot;&gt;name&lt;/span&gt;&lt;span class=&quot;p&quot;&gt;)&lt;/span&gt;
  &lt;span class=&quot;nb&quot;&gt;puts&lt;/span&gt; &lt;span class=&quot;s2&quot;&gt;&quot;Hi, &lt;/span&gt;&lt;span class=&quot;si&quot;&gt;#{&lt;/span&gt;&lt;span class=&quot;nb&quot;&gt;name&lt;/span&gt;&lt;span class=&quot;si&quot;&gt;}&lt;/span&gt;&lt;span class=&quot;s2&quot;&gt;&quot;&lt;/span&gt;
&lt;span class=&quot;k&quot;&gt;end&lt;/span&gt;
&lt;span class=&quot;n&quot;&gt;print_hi&lt;/span&gt;&lt;span class=&quot;p&quot;&gt;(&lt;/span&gt;&lt;span class=&quot;s1&quot;&gt;'Tom'&lt;/span&gt;&lt;span class=&quot;p&quot;&gt;)&lt;/span&gt;
&lt;span class=&quot;c1&quot;&gt;#=&amp;gt; prints 'Hi, Tom' to STDOUT.&lt;/span&gt;&lt;/code&gt;&lt;/pre&gt;&lt;/figure&gt;

&lt;p&gt;Python with line numbers:&lt;/p&gt;

&lt;figure class=&quot;highlight&quot;&gt;&lt;pre&gt;&lt;code class=&quot;language-python&quot; data-lang=&quot;python&quot;&gt;&lt;table class=&quot;rouge-table&quot;&gt;&lt;tbody&gt;&lt;tr&gt;&lt;td class=&quot;gutter gl&quot;&gt;&lt;pre class=&quot;lineno&quot;&gt;1
2
3
4
5
&lt;/pre&gt;&lt;/td&gt;&lt;td class=&quot;code&quot;&gt;&lt;pre&gt;&lt;span class=&quot;k&quot;&gt;def&lt;/span&gt; &lt;span class=&quot;nf&quot;&gt;print_hi&lt;/span&gt;&lt;span class=&quot;p&quot;&gt;(&lt;/span&gt;&lt;span class=&quot;n&quot;&gt;name&lt;/span&gt;&lt;span class=&quot;p&quot;&gt;):&lt;/span&gt;
    &lt;span class=&quot;k&quot;&gt;print&lt;/span&gt;&lt;span class=&quot;p&quot;&gt;(&lt;/span&gt;&lt;span class=&quot;s&quot;&gt;&quot;Hi, {}&quot;&lt;/span&gt;&lt;span class=&quot;o&quot;&gt;.&lt;/span&gt;&lt;span class=&quot;nb&quot;&gt;format&lt;/span&gt;&lt;span class=&quot;p&quot;&gt;(&lt;/span&gt;&lt;span class=&quot;n&quot;&gt;name&lt;/span&gt;&lt;span class=&quot;p&quot;&gt;))&lt;/span&gt;

&lt;span class=&quot;n&quot;&gt;print_hi&lt;/span&gt;&lt;span class=&quot;p&quot;&gt;(&lt;/span&gt;&lt;span class=&quot;s&quot;&gt;'Tom'&lt;/span&gt;&lt;span class=&quot;p&quot;&gt;)&lt;/span&gt;
&lt;span class=&quot;c1&quot;&gt;# prints 'Hi, Tom' to STDOUT.&lt;/span&gt;
&lt;/pre&gt;&lt;/td&gt;&lt;/tr&gt;&lt;/tbody&gt;&lt;/table&gt;&lt;/code&gt;&lt;/pre&gt;&lt;/figure&gt;

&lt;p&gt;C with line numbers:&lt;/p&gt;

&lt;figure class=&quot;highlight&quot;&gt;&lt;pre&gt;&lt;code class=&quot;language-c&quot; data-lang=&quot;c&quot;&gt;&lt;table class=&quot;rouge-table&quot;&gt;&lt;tbody&gt;&lt;tr&gt;&lt;td class=&quot;gutter gl&quot;&gt;&lt;pre class=&quot;lineno&quot;&gt;1
2
3
4
5
&lt;/pre&gt;&lt;/td&gt;&lt;td class=&quot;code&quot;&gt;&lt;pre&gt;&lt;span class=&quot;kt&quot;&gt;void&lt;/span&gt; &lt;span class=&quot;nf&quot;&gt;print_hi&lt;/span&gt;&lt;span class=&quot;p&quot;&gt;(&lt;/span&gt;&lt;span class=&quot;n&quot;&gt;string&lt;/span&gt; &lt;span class=&quot;n&quot;&gt;name&lt;/span&gt;&lt;span class=&quot;p&quot;&gt;)&lt;/span&gt; &lt;span class=&quot;p&quot;&gt;{&lt;/span&gt;
  &lt;span class=&quot;n&quot;&gt;printf&lt;/span&gt;&lt;span class=&quot;p&quot;&gt;(&lt;/span&gt;&lt;span class=&quot;s&quot;&gt;&quot;Hi, %s&quot;&lt;/span&gt;&lt;span class=&quot;p&quot;&gt;,&lt;/span&gt; &lt;span class=&quot;n&quot;&gt;name&lt;/span&gt;&lt;span class=&quot;p&quot;&gt;);&lt;/span&gt;
&lt;span class=&quot;p&quot;&gt;}&lt;/span&gt;
&lt;span class=&quot;n&quot;&gt;print_hi&lt;/span&gt;&lt;span class=&quot;p&quot;&gt;(&lt;/span&gt;&lt;span class=&quot;s&quot;&gt;&quot;Tom&quot;&lt;/span&gt;&lt;span class=&quot;p&quot;&gt;);&lt;/span&gt;
&lt;span class=&quot;cm&quot;&gt;/* prints 'Hi, Tom' to STDOUT. */&lt;/span&gt;
&lt;/pre&gt;&lt;/td&gt;&lt;/tr&gt;&lt;/tbody&gt;&lt;/table&gt;&lt;/code&gt;&lt;/pre&gt;&lt;/figure&gt;</content><author><name></name></author><category term="test" /><category term="syntax" /><summary type="html">Jekyll uses Rouge by default for syntax highlighting, here are some tests.</summary></entry><entry><title type="html">Welcome to Jekyll!</title><link href="http://localhost:4000/2017/03/23/welcome-to-jekyll" rel="alternate" type="text/html" title="Welcome to Jekyll!" /><published>2017-03-23T02:30:13+09:00</published><updated>2017-03-23T02:30:13+09:00</updated><id>http://localhost:4000/2017/03/23/welcome-to-jekyll</id><content type="html" xml:base="http://localhost:4000/2017/03/23/welcome-to-jekyll">&lt;p&gt;You’ll find this post in your &lt;code class=&quot;language-plaintext highlighter-rouge&quot;&gt;_posts&lt;/code&gt; directory. Go ahead and edit it and re-build the site to see your changes. You can rebuild the site in many different ways, but the most common way is to run &lt;code class=&quot;language-plaintext highlighter-rouge&quot;&gt;jekyll serve&lt;/code&gt;, which launches a web server and auto-regenerates your site when a file is updated.&lt;/p&gt;

&lt;p&gt;To add new posts, simply add a file in the &lt;code class=&quot;language-plaintext highlighter-rouge&quot;&gt;_posts&lt;/code&gt; directory that follows the convention &lt;code class=&quot;language-plaintext highlighter-rouge&quot;&gt;YYYY-MM-DD-name-of-post.ext&lt;/code&gt; and includes the necessary front matter. Take a look at the source for this post to get an idea about how it works.&lt;/p&gt;

&lt;p&gt;Jekyll also offers powerful support for code snippets:&lt;/p&gt;

&lt;figure class=&quot;highlight&quot;&gt;&lt;pre&gt;&lt;code class=&quot;language-ruby&quot; data-lang=&quot;ruby&quot;&gt;&lt;span class=&quot;k&quot;&gt;def&lt;/span&gt; &lt;span class=&quot;nf&quot;&gt;print_hi&lt;/span&gt;&lt;span class=&quot;p&quot;&gt;(&lt;/span&gt;&lt;span class=&quot;nb&quot;&gt;name&lt;/span&gt;&lt;span class=&quot;p&quot;&gt;)&lt;/span&gt;
  &lt;span class=&quot;nb&quot;&gt;puts&lt;/span&gt; &lt;span class=&quot;s2&quot;&gt;&quot;Hi, &lt;/span&gt;&lt;span class=&quot;si&quot;&gt;#{&lt;/span&gt;&lt;span class=&quot;nb&quot;&gt;name&lt;/span&gt;&lt;span class=&quot;si&quot;&gt;}&lt;/span&gt;&lt;span class=&quot;s2&quot;&gt;&quot;&lt;/span&gt;
&lt;span class=&quot;k&quot;&gt;end&lt;/span&gt;
&lt;span class=&quot;n&quot;&gt;print_hi&lt;/span&gt;&lt;span class=&quot;p&quot;&gt;(&lt;/span&gt;&lt;span class=&quot;s1&quot;&gt;'Tom'&lt;/span&gt;&lt;span class=&quot;p&quot;&gt;)&lt;/span&gt;
&lt;span class=&quot;c1&quot;&gt;#=&amp;gt; prints 'Hi, Tom' to STDOUT.&lt;/span&gt;&lt;/code&gt;&lt;/pre&gt;&lt;/figure&gt;

&lt;p&gt;Check out the &lt;a href=&quot;https://jekyllrb.com/docs/home&quot;&gt;Jekyll docs&lt;/a&gt; for more info on how to get the most out of Jekyll. File all bugs/feature requests at &lt;a href=&quot;https://github.com/jekyll/jekyll&quot;&gt;Jekyll’s GitHub repo&lt;/a&gt;. If you have questions, you can ask them on &lt;a href=&quot;https://talk.jekyllrb.com/&quot;&gt;Jekyll Talk&lt;/a&gt;.&lt;/p&gt;</content><author><name></name></author><category term="test" /><category term="Test" /><summary type="html">You’ll find this post in your _posts directory. Go ahead and edit it and re-build the site to see your changes. You can rebuild the site in many different ways, but the most common way is to run jekyll serve, which launches a web server and auto-regenerates your site when a file is updated.</summary></entry></feed>